Workbook
Name ProductIDs: Product_Lookup!A2:A13
Name ProductLookup: Product_Lookup!A2:C13
Name ProductNames: Product_Lookup!B2:B13

Sheet Formula Guide
A1: EXCEL FORMULAS & FUNCTIONS FUNDAMENTALS | TASK 6
A3: Function | B3: Workbook example | C3: When to use it | D3: Sheet to try
A4: VLOOKUP | B4: Finds Category from Product ID | C4: Use an exact lookup when the lookup key is the first column of the lookup range. | D4: Transactions
A5: XLOOKUP | B5: Finds Product Name from Product ID | C5: Use when you need a flexible lookup, an explicit not-found result, or a return column on either side. | D5: Transactions
A6: IF | B6: Labels orders High Value or Standard | C6: Use when a result depends on one clear logical test. | D6: Transactions
A7: SUMIFS | B7: Calculates selected-region sales | C7: Use to add values that meet one or more criteria. | D7: Analysis
A8: COUNTIFS | B8: Counts selected region and category orders | C8: Use to count rows that meet one or more criteria. | D8: Analysis
A9: TEXT and LEFT | B9: Formats date and extracts Product ID prefix | C9: Use TEXT for display labels and LEFT for the first characters of a text value. | D9: Transactions / Analysis

Sheet Transactions
A1: Transaction ID | B1: Order Date | C1: Product ID | D1: Region | E1: Units | F1: Sales | G1: Category (VLOOKUP) | H1: Product Name (XLOOKUP) | I1: Order Status (IF) | J1: Order Month (TEXT) | K1: Product Prefix (LEFT)
A2: TX-001 | B2: 42682 | C2: FUR-BO-10001798 | D2: South | E2: 2 | F2: 261.96 | G2: =IF(C2="","Missing ID",IFERROR(VLOOKUP(C2,ProductLookup,3,FALSE),"Not found")) -> Not found | H2: =IF(C2="","Missing ID",_xlfn.XLOOKUP(C2,ProductIDs,ProductNames,"Not found",0)) -> Not found | I2: =IF(F2="","Missing Sales",IF(F2>=500,"High Value","Standard")) -> Standard | J2: =TEXT(B2,"mmm-yyyy") -> Nov-2016 | K2: =LEFT(C2,3) -> FUR | M2: Test cases | N2: What to check
A3: TX-002 | B3: 42682 | C3: FUR-CH-10000454 | D3: South | E3: 3 | F3: 731.94 | G3: =IF(C3="","Missing ID",IFERROR(VLOOKUP(C3,ProductLookup,3,FALSE),"Not found")) -> Not found | H3: =IF(C3="","Missing ID",_xlfn.XLOOKUP(C3,ProductIDs,ProductNames,"Not found",0)) -> Not found | I3: =IF(F3="","Missing Sales",IF(F3>=500,"High Value","Standard")) -> High Value | J3: =TEXT(B3,"mmm-yyyy") -> Nov-2016 | K3: =LEFT(C3,3) -> FUR | M3: Blank Product ID | N3: VLOOKUP and XLOOKUP show Missing ID
A4: TX-003 | B4: 42533 | C4: OFF-LA-10000240 | D4: West | E4: 2 | F4: 14.62 | G4: =IF(C4="","Missing ID",IFERROR(VLOOKUP(C4,ProductLookup,3,FALSE),"Not found")) -> Not found | H4: =IF(C4="","Missing ID",_xlfn.XLOOKUP(C4,ProductIDs,ProductNames,"Not found",0)) -> Not found | I4: =IF(F4="","Missing Sales",IF(F4>=500,"High Value","Standard")) -> Standard | J4: =TEXT(B4,"mmm-yyyy") -> Jun-2016 | K4: =LEFT(C4,3) -> OFF | M4: Unknown Product ID | N4: VLOOKUP and XLOOKUP show Not found
A5: TX-004 | B5: 42288 | C5: FUR-TA-10000577 | D5: South | E5: 5 | F5: 957.5775 | G5: =IF(C5="","Missing ID",IFERROR(VLOOKUP(C5,ProductLookup,3,FALSE),"Not found")) -> Not found | H5: =IF(C5="","Missing ID",_xlfn.XLOOKUP(C5,ProductIDs,ProductNames,"Not found",0)) -> Not found | I5: =IF(F5="","Missing Sales",IF(F5>=500,"High Value","Standard")) -> High Value | J5: =TEXT(B5,"mmm-yyyy") -> Oct-2015 | K5: =LEFT(C5,3) -> FUR | M5: Sales ≥ $500 | N5: IF returns High Value
A6: TX-005 | B6: 42288 | C6: OFF-ST-10000760 | D6: South | E6: 2 | F6: 22.368 | G6: =IF(C6="","Missing ID",IFERROR(VLOOKUP(C6,ProductLookup,3,FALSE),"Not found")) -> Not found | H6: =IF(C6="","Missing ID",_xlfn.XLOOKUP(C6,ProductIDs,ProductNames,"Not found",0)) -> Not found | I6: =IF(F6="","Missing Sales",IF(F6>=500,"High Value","Standard")) -> Standard | J6: =TEXT(B6,"mmm-yyyy") -> Oct-2015 | K6: =LEFT(C6,3) -> OFF | M6: Named ranges | N6: Formulas use ProductLookup, ProductIDs, and ProductNames
A7: TX-006 | B7: 41799 | C7: FUR-FU-10001487 | D7: West | E7: 7 | F7: 48.86 | G7: =IF(C7="","Missing ID",IFERROR(VLOOKUP(C7,ProductLookup,3,FALSE),"Not found")) -> Not found | H7: =IF(C7="","Missing ID",_xlfn.XLOOKUP(C7,ProductIDs,ProductNames,"Not found",0)) -> Not found | I7: =IF(F7="","Missing Sales",IF(F7>=500,"High Value","Standard")) -> Standard | J7: =TEXT(B7,"mmm-yyyy") -> Jun-2014 | K7: =LEFT(C7,3) -> FUR | M7: Source note | N7: Rows 2–13 are Sample Superstore records. Rows 14–15 test edge cases.
A8: TX-007 | B8: 41799 | C8: OFF-AR-10002833 | D8: West | E8: 4 | F8: 7.28 | G8: =IF(C8="","Missing ID",IFERROR(VLOOKUP(C8,ProductLookup,3,FALSE),"Not found")) -> Not found | H8: =IF(C8="","Missing ID",_xlfn.XLOOKUP(C8,ProductIDs,ProductNames,"Not found",0)) -> Not found | I8: =IF(F8="","Missing Sales",IF(F8>=500,"High Value","Standard")) -> Standard | J8: =TEXT(B8,"mmm-yyyy") -> Jun-2014 | K8: =LEFT(C8,3) -> OFF | M8: Editing note | N8: Change a Product ID or Sales value to see formulas update.
A9: TX-008 | B9: 41799 | C9: TEC-PH-10002275 | D9: West | E9: 6 | F9: 907.152 | G9: =IF(C9="","Missing ID",IFERROR(VLOOKUP(C9,ProductLookup,3,FALSE),"Not found")) -> Not found | H9: =IF(C9="","Missing ID",_xlfn.XLOOKUP(C9,ProductIDs,ProductNames,"Not found",0)) -> Not found | I9: =IF(F9="","Missing Sales",IF(F9>=500,"High Value","Standard")) -> High Value | J9: =TEXT(B9,"mmm-yyyy") -> Jun-2014 | K9: =LEFT(C9,3) -> TEC
A10: TX-009 | B10: 41799 | C10: OFF-BI-10003910 | D10: West | E10: 3 | F10: 18.504 | G10: =IF(C10="","Missing ID",IFERROR(VLOOKUP(C10,ProductLookup,3,FALSE),"Not found")) -> Not found | H10: =IF(C10="","Missing ID",_xlfn.XLOOKUP(C10,ProductIDs,ProductNames,"Not found",0)) -> Not found | I10: =IF(F10="","Missing Sales",IF(F10>=500,"High Value","Standard")) -> Standard | J10: =TEXT(B10,"mmm-yyyy") -> Jun-2014 | K10: =LEFT(C10,3) -> OFF
A11: TX-010 | B11: 41799 | C11: OFF-AP-10002892 | D11: West | E11: 5 | F11: 114.9 | G11: =IF(C11="","Missing ID",IFERROR(VLOOKUP(C11,ProductLookup,3,FALSE),"Not found")) -> Not found | H11: =IF(C11="","Missing ID",_xlfn.XLOOKUP(C11,ProductIDs,ProductNames,"Not found",0)) -> Not found | I11: =IF(F11="","Missing Sales",IF(F11>=500,"High Value","Standard")) -> Standard | J11: =TEXT(B11,"mmm-yyyy") -> Jun-2014 | K11: =LEFT(C11,3) -> OFF
A12: TX-011 | B12: 41799 | C12: FUR-TA-10001539 | D12: West | E12: 9 | F12: 1706.184 | G12: =IF(C12="","Missing ID",IFERROR(VLOOKUP(C12,ProductLookup,3,FALSE),"Not found")) -> Not found | H12: =IF(C12="","Missing ID",_xlfn.XLOOKUP(C12,ProductIDs,ProductNames,"Not found",0)) -> Not found | I12: =IF(F12="","Missing Sales",IF(F12>=500,"High Value","Standard")) -> High Value | J12: =TEXT(B12,"mmm-yyyy") -> Jun-2014 | K12: =LEFT(C12,3) -> FUR
A13: TX-012 | B13: 41799 | C13: TEC-PH-10002033 | D13: West | E13: 4 | F13: 911.424 | G13: =IF(C13="","Missing ID",IFERROR(VLOOKUP(C13,ProductLookup,3,FALSE),"Not found")) -> Not found | H13: =IF(C13="","Missing ID",_xlfn.XLOOKUP(C13,ProductIDs,ProductNames,"Not found",0)) -> Not found | I13: =IF(F13="","Missing Sales",IF(F13>=500,"High Value","Standard")) -> High Value | J13: =TEXT(B13,"mmm-yyyy") -> Jun-2014 | K13: =LEFT(C13,3) -> TEC
A14: TEST-013 | B14: 43070 | C14: UNKNOWN-001 | D14: West | E14: 1 | F14: 250 | G14: =IF(C14="","Missing ID",IFERROR(VLOOKUP(C14,ProductLookup,3,FALSE),"Not found")) -> Not found | H14: =IF(C14="","Missing ID",_xlfn.XLOOKUP(C14,ProductIDs,ProductNames,"Not found",0)) -> Not found | I14: =IF(F14="","Missing Sales",IF(F14>=500,"High Value","Standard")) -> Standard | J14: =TEXT(B14,"mmm-yyyy") -> Dec-2017 | K14: =LEFT(C14,3) -> UNK
A15: TEST-014 | B15: 43071 | D15: East | E15: 1 | F15: 150 | G15: =IF(C15="","Missing ID",IFERROR(VLOOKUP(C15,ProductLookup,3,FALSE),"Not found")) -> Missing ID | H15: =IF(C15="","Missing ID",_xlfn.XLOOKUP(C15,ProductIDs,ProductNames,"Not found",0)) -> Missing ID | I15: =IF(F15="","Missing Sales",IF(F15>=500,"High Value","Standard")) -> Standard | J15: =TEXT(B15,"mmm-yyyy") -> Dec-2017 | K15: =LEFT(C15,3)

Sheet Product_Lookup
A1: Product ID | B1: Product Name | C1: Category | D1: Reference Unit Price
A2: FUR-BO-10001798 | B2: Bush Somerset Collection Bookcase | C2: Furniture | D2: 130.98
A3: FUR-CH-10000454 | B3: Hon Deluxe Fabric Upholstered Stacking Chairs, Rounded Back | C3: Furniture | D3: 243.98
A4: OFF-LA-10000240 | B4: Self-Adhesive Address Labels for Typewriters by Universal | C4: Office Supplies | D4: 7.31
A5: FUR-TA-10000577 | B5: Bretford CR4500 Series Slim Rectangular Table | C5: Furniture | D5: 191.5155
A6: OFF-ST-10000760 | B6: Eldon Fold 'N Roll Cart System | C6: Office Supplies | D6: 11.184
A7: FUR-FU-10001487 | B7: Eldon Expressions Wood and Plastic Desk Accessories, Cherry Wood | C7: Furniture | D7: 6.98
A8: OFF-AR-10002833 | B8: Newell 322 | C8: Office Supplies | D8: 1.82
A9: TEC-PH-10002275 | B9: Mitel 5320 IP Phone VoIP phone | C9: Technology | D9: 151.192
A10: OFF-BI-10003910 | B10: DXL Angle-View Binders with Locking Rings by Samsill | C10: Office Supplies | D10: 6.168
A11: OFF-AP-10002892 | B11: Belkin F5C206VTEL 6 Outlet Surge | C11: Office Supplies | D11: 22.98
A12: FUR-TA-10001539 | B12: Chromcraft Rectangular Conference Tables | C12: Furniture | D12: 189.576
A13: TEC-PH-10002033 | B13: Konftel 250 Conferencephone- Charcoal black | C13: Technology | D13: 227.856

Sheet Analysis
A1: FORMULA ANALYSIS
A3: Editable criteria | B3: Value | D3: Formula | E3: Result | F3: Use note
A4: Region | B4: East | D4: SUMIFS — Sales for selected region | E4: =SUMIFS(Transactions!$F$2:$F$15,Transactions!$D$2:$D$15,$B$4) -> 150 | F4: Adds Sales where Region matches the selected criteria.
A5: Category | B5: Furniture | D5: COUNTIFS — Orders by region and category | E5: =COUNTIFS(Transactions!$D$2:$D$15,$B$4,Transactions!$G$2:$G$15,$B$5) -> 0 | F5: Counts records where both criteria match.
D6: AVERAGEIFS — Average sales by region | E6: =AVERAGEIFS(Transactions!$F$2:$F$15,Transactions!$D$2:$D$15,$B$4) -> 150 | F6: Shows an average only for matching records.
D7: COUNTIFS — High-value orders | E7: =COUNTIFS(Transactions!$D$2:$D$15,$B$4,Transactions!$I$2:$I$15,"High Value") -> 0 | F7: Counts qualifying high-value orders.
D8: TEXT — First transaction month | E8: =TEXT(Transactions!B2,"mmmm yyyy") -> November 2016 | F8: Converts the first date into a readable month label.
D9: LEFT — First product ID prefix | E9: =LEFT(Transactions!C2,3) -> FUR | F9: Extracts the first three characters from a product ID.
